Run Index,Point,Objective Value
6,"[0.29407685690045926, 1.7655087455822511, 0.09565454771384846, 1.0283977931143218, 0.7469437741894014, -2.1820669294005595, 0.04277858564416004, -0.36922390785298187, -2.3341588940199514, 1.0769896641931815, -0.7705122995573105, 1.104746775720065, 0.6514115684340835, 3.395815109234008, 1.4152891105034227, 0.05666361084056648, 2.2226785111242804, 2.7027839574097903, -2.1806138099379493, -0.9980662735591833, 2.211343129581426, 0.28778631935994325, -0.17914819475432, 2.9403718756213015, -1.3668657278545449, 2.1091274302357585, -2.1085108254690104, -1.9345832769304194, 0.5941556299630159, -3.1742172074097232, 2.414583600075234, 1.9106710485525156, 3.15519985852258, 2.0089505182304412, 1.6345750280268427, -0.03501386063542139, 0.42943202479000436, 0.36751266895992285, 2.2418164280336548, -2.7766263945655982, 1.8543200400346698, -0.9627683054693036, -0.3531742655793841, -1.1094164521559415, 1.489655811183954, -2.962681363230627, -2.261746842079058, 3.15751893232031, -1.0138882233398665, -1.0846146001963675, 3.0547721370088823, 0.7718706042518761, 2.919587471951411, 0.617723289959537, 1.641110184669569, 1.6205343425498806, -0.26988680890146, 1.786817508092644, 0.829500492096426, -0.1073401124802393, 3.834824193055452, -1.2937370172029328, -2.2280989315691553, -2.8732741377895694]",1.3197199533255544
6,"[-1.3565372061122616, 1.6363773504564159, -1.5810139439250843, -1.5116648201921459, 1.508851517210906, 0.5661799153100011, -0.40312643267522325, -2.3422082700206994, -1.013093935093772, -0.10869908112763405, 2.083720216295438, 0.9722212848322882, -2.2877075213043705, 3.4584658417983882, -0.1223224108386205, 1.472373025394368, 1.7828707019658523, 2.872638954157046, -1.5010959633325323, 1.6890241970391648, 1.206610924655291, 1.9404979799766833, 2.4429227603507444, 2.7923016910874137, -3.8174865333382533, 1.7956217728821036, 0.7023061818126359, 0.9379150196451496, -1.2419722599754834, -2.142735992240304, 1.4851152529830804, 3.718165854790224, 1.7589090591735468, 1.7901078522529499, 1.6437236973251386, -1.601102724835148, 1.1139409294893234, 0.9769512591680279, 2.748968625341301, -1.5678846546303287, 0.7438834587174046, -0.5609712432435212, -0.7778058150089002, -1.3831710881490744, -0.12683846648231822, -3.0738692385815414, -0.7818978797604903, 0.35322723505189035, -2.167213072390725, -3.468690383012262, 1.4297451026057248, 2.00284811126015, 3.8002737420019623, -1.494337683738052, -0.04602715926058276, 0.16644998245750178, 1.0197307720613802, 1.7603239329655316, 1.5432122022832786, -1.5937890214785706, 3.604990999880821, -0.2979433017067288, -2.346820395592005, -2.3033052944816905]",1.2578859988931932
6,"[-1.9172033773238648, 0.527552254753943, -2.637490734774007, 0.15649693496925565, 1.5194444014004809, -0.6431672022052968, -2.270662838149263, 1.011890514099126, -0.7477132462210883, 2.710256668308489, 1.5972358716268942, 0.9189276249087213, -0.9170465509261647, 1.637711454127614, -0.12810440934554956, -0.2786264027633487, -1.3051217730186406, 3.417736523923235, 1.3343927307524435, 1.921393548714807, 1.520798631013299, 0.939314359069312, 3.013495138377034, 2.8503417373059223, -2.2802038262593776, 2.6874968047922154, 2.530351451438717, -0.5689057244812449, 1.4318531799482381, -3.3452099432428444, 2.9963273443936576, 2.857321611161432, 3.317835602797312, 2.2725870153142944, 1.3919954868600393, -1.315796054706435, 0.896877916246966, 1.5684778212214299, 2.433664035454928, -2.8984112638332116, 2.00094169998228, -2.6564654051465344, -1.0260282233648368, 1.1587177394789578, -1.5737237215043693, -2.172221555012471, -1.6592987268429766, 0.35840553171561673, -1.9492160629717468, -2.2773180391796064, 3.9642921007884393, 2.0158717383268185, 3.594977463146774, 1.6323788211963806, 1.8423259289552263, 2.3374851618902226, -0.5766335240462414, 1.542827968901808, 2.6175432243446446, -1.3152423369657884, 3.832781161286717, -2.3082781908482284, -2.7583915222312845, -1.037680754441474]",1.1744262295081966
6,"[-1.8762755837401066, 0.7479313989755872, -0.8086959254712353, -0.6820422804070796, 0.4331468473011393, 1.1447191397918912, -1.9487595332660934, 0.04058468370148305, 1.3077270544927042, 2.694844277957004, 0.25995758947396125, 0.45520741017259114, 0.11868603888205359, 3.008359698246962, -0.37429922438696184, 0.5316082222510009, 0.9294839230452501, 3.3356397437996814, 0.9019721030407112, -0.13046184793997773, 1.6712661632663035, 1.0164844002345246, 0.06835050328465186, 1.7464877956383147, -1.207595792109146, 0.3401101909847837, 0.43634392544981704, -0.00299446927549632, 1.6756797540084065, -2.126749717704177, 2.7320594355123635, 3.0031868086950335, 3.5902029753438907, 0.18166658299821092, 0.4681942976429858, -0.9872631129038086, -1.708242270885353, 0.0735136075664263, -0.1786974862428028, -2.3538223731836263, 1.9752392231096638, -0.6466598533928218, -0.8459384385057362, -0.6557242203070891, -0.9065022863113565, -3.3272752333497255, -1.6511478215500461, 3.4468697358406533, -0.7150561304466858, -3.090409993082332, 3.9724430559000714, 1.6937364349755772, 4.586344033605255, -0.4189108815922533, 1.0652464808144257, 0.23978988341127402, 1.391582326949846, 1.705328742014669, 0.4405424826708888, -0.21971907123215445, 3.2750451344433165, -2.2953172596876104, -2.7515961117602425, -3.0330736025069807]",1.1735419630156472
6,"[0.03640770904771884, 2.2278688206423234, -0.04890134555962666, 1.2531804612208062, 1.3736605388538794, -1.8433496272370127, -0.1774935209125933, 1.6208978838109551, -1.7548656352522691, 1.1584461533149426, 0.44418139373984156, -0.9623418504011286, 1.3885102740889885, 3.72848295491988, -1.2080224840514404, 2.3934107344097018, -1.3400958163046017, 3.4768821642659145, 2.3235000381147013, 2.0877103105261132, 1.090634390796208, -0.8206676506219671, -0.02667976431917063, 0.7723167327598539, -1.6850099953397377, 2.2345125322443917, 2.833697882434163, 0.28359694093724763, 1.7851609598688967, -3.2729303416812456, 2.8350777543062096, 3.7249788500329957, 0.8224015142742447, -0.5641636013152063, 0.6111026799903876, -1.3691711811205773, 1.228501639955535, 1.1773093405082167, 0.37647721738004214, -2.4266148484449253, 1.5295239406930352, 0.21286138043913347, 0.25532643717103776, -1.7897243893250905, -1.1359713962814324, -2.380287872616498, -2.530689722108074, 2.7229692166361406, -2.735489894916249, -3.3983631915006827, 3.740326313719817, 1.7702325008332245, 4.836993495982032, 0.1304029218349504, -0.4592970605838578, -2.4289831170641225, 2.2845830474228017, 2.2662644746305673, 2.1347866002052958, -0.010233915590712128, 3.8909200385085723, -2.1578553878821825, -1.4388383513024454, -2.4017656718893967]",1.1704312114989732
6,"[-1.3980440507698664, 2.0967279043683456, -1.897525025071836, -0.8719788528432099, 0.46765783699891805, -1.184804369856438, -1.3926273496629342, -0.39687943670520326, -1.771720494114502, 0.4939384919630492, 0.5328372296502577, 0.2783807921852056, -0.8605106949543133, 3.77703501893618, -0.2958195156227438, 2.117656358361369, -0.24953336492822786, 1.9938527876145113, -0.3166015968196231, 1.302250706007676, 0.4786931754004322, -0.15414533896950539, -0.7015087699568939, 1.0861644219168458, -0.9111898312719164, 0.7335343552420261, 0.5926688248664524, -0.3695403743481206, 2.5417103594111055, -1.6879295039978257, 2.573462242864438, 3.375531340776058, 3.515868124127435, 1.8323976308652639, 0.2264529454929498, -1.7694124564009799, 0.2857579130174042, -0.1533523889457743, 0.9927814657026781, -2.0632401886446003, 4.249257366255739, 0.10916496468675096, -1.239104689418007, 0.5822522427495231, -0.26733904346551585, -0.9013810511176006, -0.45591183851066, 0.8579897219593158, -1.966904780601794, -3.279525863565757, 4.02200573740809, 1.2951682646577003, 3.782686501064481, -1.5873725208793519, 0.1677119662506399, 0.9958876955637526, 0.10579906083260135, 2.1925830814268035, 2.204318084057508, 0.45034495857872003, 2.054004038606317, -1.5078590345318252, -1.5983990726273216, -1.9419345663031264]",1.1701863354037267
6,"[-2.3184977838656993, -0.9864973863714745, 0.5022153168242174, -2.144579734637725, 1.6931557699559505, -0.4970709781086114, -0.4291524676847558, -2.9973160453415844, -0.8869493110791178, 1.104558285467267, 0.9482225479158424, 2.7901868651011297, -1.9366257485063847, 3.731534224146651, 1.0761580524066239, 1.331860754214532, 0.8111202793439893, 3.5318895906094316, -0.24416497493623723, 1.1415496640123235, 0.8897646185063509, 1.279071642315654, 1.0081899633346516, 2.5818212923255115, -2.3228609092476074, 2.778418682491169, 1.9406407617390786, -0.8781549676660563, 1.3884198217288912, -3.2578539604172785, 3.5830766508705083, 3.6000812346626963, 3.0365536291488615, 2.523304964816442, -0.4818179386782835, -3.797622863079404, -1.7347588354641468, -0.2967446156640705, 0.9018699281993231, -1.8966949099939132, 4.2424780052599225, 0.5619517989013025, -1.3583439138627103, -0.06400469985901819, -1.8919732960549767, -3.1781241682168684, -2.8463797747479194, 1.6374955187641393, -2.6496313254218293, -1.5848066748954948, 1.354386304399442, 2.20736215517722, 2.1319477468310906, 2.239913606048911, 2.2469683426212534, 0.05429109620735391, -2.229416485773992, 2.2833176637176047, 3.369530395257294, -0.9843343717217156, 3.4170075593054574, -1.340374217904436, -2.0411573404172083, -2.881769468919983]",1.1588447653429603
6,"[1.6518924495141771, -0.2961086314721293, 2.4033246455477375, -1.0447819819915876, 3.5375612908088847, -1.5724807703894124, -1.3633265155455332, -1.4837757022297298, -1.8516026980463505, -0.5852423101119127, -1.6755692505191757, -0.06015419521128702, 1.7578352817320957, -0.7869681099717285, -0.9176298855402922, 2.3506462576799665, 0.8365876019115914, 0.8403866675349037, -1.8127137823269028, 2.127670664325727, 1.9575123541283608, -0.5003731572050588, 3.950847780458674, -0.8602814536644012, -2.896631047828463, 3.2211235680129007, -0.30342326570909317, 1.2858245753462207, -1.613647826631134, -2.603293399765316, 3.0295108487972997, 1.03373314332566, 2.7966025653674964, -2.76940976646614, 0.4258102282448363, -0.3700345497158668, 2.098475287276786, -1.6732268863626552, 0.25253408047594017, -2.5043516810771926, 3.3027890604533146, 2.5781331226442608, 2.801314005031611, -0.764952779684484, 0.7076754655255062, -1.070875482477116, -1.8920533030335331, 1.265531170657344, -1.8674351023557698, -1.6870418038769954, 2.0246326304806335, 2.451281269868864, 4.353850993470054, -1.5562212642354631, 1.344871005617482, 3.354762189923799, -2.015571829910064, 2.2727161003900487, 3.4128467316681514, -1.6328983556431385, 1.220371309391826, -0.37211447856722724, -2.69982677561253, -0.7686789764547384]",1.1582618025751072
6,"[-0.8778161523953949, -0.1307575287977305, 0.9669881512318502, -1.0354306029776288, 3.5557969399418883, 0.8755268024420736, -0.9903433865118882, -1.537939113064927, -0.13348507724804748, 0.9135819022271989, 0.4784787293606692, -0.12547331643274073, -0.30340068384583413, 2.468032652490143, 0.6986134437947955, 0.732341846216366, 0.4739201457392693, 3.468717561879135, -0.2406109735681971, 0.8887528092400729, 2.318906045070893, 0.3174601448790001, 0.8815392141905759, 2.2176674858973513, -0.655721885679512, 1.1060549540207705, 0.7536747594653534, -0.21903731449761704, -1.9738073108855596, -3.3206961840626423, 2.1839543715827725, 1.6296201781280337, 3.462893053828807, 1.5831477356146813, 1.502831406693259, 0.6599122286384691, -0.8104942210287545, -0.20840305880035537, 2.487685080729219, -1.4951403686783324, 3.6218583639555932, 1.5474556781553406, -1.504918937060655, 0.21949109647461126, 0.26511144045686486, -2.8866265177886783, -1.976182759424609, 1.7291012752429893, -2.9650111990987424, -1.6578187994388216, 3.9974183036862905, 1.4695034454164138, 4.242162562228757, -1.2679876367180065, 0.6440783161478814, -1.355610769300721, -1.6431909671420866, 2.090703443862731, 2.113903540360835, 1.0211288680738213, 3.5233622367930293, -0.8984990575577374, -1.3982522870704859, -2.1574371467212243]",1.1552346570397112
6,"[-1.4853657569611043, 0.999551461857276, -0.03986043261289485, -1.0347955475716164, 3.5539336219921664, -2.042148221611859, 0.16552567315611866, -1.4814611871661292, 1.3570354121760824, -1.1741252148861219, 1.6713030603028587, -0.5530756112698954, -0.2712822652559922, 1.3798390599838524, -0.19438484772805076, 2.35834717534783, 1.7800117179825046, 2.1134099136589475, -0.4485634997592241, 1.430290058057513, -0.2640647314523804, 0.6497094755557142, 3.021493255449715, 1.1012941949472728, -3.5718757190073234, 0.6768677624619577, -1.3198883753858826, 0.041828740401781306, 0.06180641696742145, -0.9793425181372373, 3.606870426754581, 2.4417884063554673, 3.218064660754446, 0.12324271512918727, 2.2660792213090346, 2.5738102176602156, 0.5024146755844803, 0.17358616875044097, 1.64288565358764, -3.0395690939021387, 1.5844445110730947, -0.6507979686255185, 0.9135155198986256, -2.5168372830315064, 0.045628627039972294, 0.12945390978807336, -1.199449809699975, 2.5118931523506465, -3.038656127602395, -0.3412460356992283, 1.456409014355474, 2.126539176678921, 4.839690895991332, 0.22706427245890617, 0.5073878987064881, 2.467246624901418, -1.307510873179886, 1.8362619866967271, 2.0052252412299243, -0.7535344309740097, 2.3912700930374933, -1.7397364410735996, -2.124237351233787, -2.0852617874229806]",1.1523178807947019
6,"[-1.252091852511219, 0.0687092059241945, -0.9253861641648403, 1.4013153483195429, -1.0379785520896365, -1.6755429233367922, -1.797054386385729, -0.8731665834878456, 2.0415115023298616, 0.5435057675819726, 0.06655323310035274, 1.531753282119418, -0.46600840807765387, 3.807208477965694, -0.7907526251882855, 1.1593192214074644, -0.828551643424499, 1.932500458890949, 2.4716356390995324, 1.9853414491666892, 2.1888556836668545, 0.7644012924905869, 1.4170142460616055, 0.8839026161298378, -2.4050337968107773, 2.426537545923812, 0.7777945967146591, -2.2004951922940488, 0.9495301483410269, -2.780732318051899, 2.2465771431117547, 2.5189145382479006, 3.5103758264365093, 2.4593421033115215, 1.0242911242490282, 0.22372607025761482, 2.7334538490896994, -0.05382708940955627, -0.6961129508938262, -2.8310759580643463, 3.0059776351635756, 0.4947995498473522, 0.22222643327830016, 1.988733476631145, -0.6158777109717339, -1.3017392149665572, -1.8016659921343103, 2.11059831623062, -2.9596345823273253, -2.803064231197112, 3.681713505882938, 1.909251246433718, 3.4410571221913973, 0.8529859479339366, 0.7444662724243338, 1.2109835973292185, -1.6176355381316214, 2.2477623401661804, 2.742449603390642, 0.10555270101279368, 3.6354437024699937, -0.9759234361552488, -2.053572822984335, -1.7221537016058044]",1.1514745308310992
6,"[-2.0868555761396674, -0.32739866676984897, -1.4908610416649055, -1.9340238313470275, -0.6996119037726306, -0.35756510264851704, -1.288989803066013, -2.404535381136659, -0.11470759024706911, 2.2089469418447814, 1.0021646498131274, -0.42858456498585595, 0.8082231410591191, 3.80716164247255, -1.3830762261323317, -1.7175474873977568, -0.8661909631247996, 2.415443382270059, -0.6371403470617832, 0.9184794378230199, 2.2309188746786015, -1.718416191383266, 1.4067148553661266, 0.29260320755241365, -1.993357837786856, 2.9964422029518074, 2.970644774341331, -1.3717417906321463, 2.3946843267273437, -2.9359104007309837, 3.5663416869405395, 3.068021210759687, 3.1046988682425476, 1.336744021595571, -0.7007405977791442, -2.3777367459361516, 1.5788012956050914, -2.022486853129981, 1.3507960386299824, -0.6509465938206689, 2.0239727020664593, -1.0071101371059001, -2.2855845938830464, 1.6763154109182723, -0.08784004090488774, 0.3317870612357785, -2.166961495651598, 0.018919822988540336, -2.231765353345265, -2.862834162273569, 4.22116405331741, 1.1528117129949553, 2.8152962892448476, -1.0245615375018806, 0.8881872054486539, -1.536838568702725, 0.9461096452717723, 1.9200450368480393, 2.467186362575829, 0.6458798237836478, 3.7781047494698883, -0.5106865064433137, -2.601715128498859, -2.0103105263144454]",1.1473015873015873
6,"[-0.8784731893226498, 0.2164333332669146, 0.654883157043522, 1.7280814698756366, 2.6225213133357563, -1.4885523509342005, -0.6030684625335551, -1.8931478490148808, -0.848256228221117, 0.02564843504359815, 1.1619153113280891, 0.7671182043652138, 0.4823038293334264, 2.316020449094654, -3.225162103742878, 1.2770522621358298, -0.9312892298028363, 3.284698577415316, 1.0211667082884888, -0.3860105468235735, 2.2813148204947082, 1.561889955873557, 2.133897158522232, 3.8075859778198855, -3.3936775079100183, 2.640050783782103, 2.843672119357633, -0.5021647292202743, -1.10492388293321, -2.115377270516435, 3.5103457753496103, 3.259317528450809, 2.4607234615443008, 0.147696129338869, -0.2043623272538555, -0.7738542466097532, 1.0834785219377547, 0.3885929493089405, 2.619288433340425, -1.4401209397069117, 3.1435699419515357, -0.88974117599769, 0.4147725391727689, -1.250648283473837, -0.9784053678319089, -0.32786788768348263, -2.356692163168052, 2.173250806664958, -1.7108646898625448, -3.4908418354509188, 3.3539138971718083, 1.4314137626975683, 4.4333057029338505, 1.9707754722395086, 0.09890506946382849, -0.025862388618960286, 1.1258600997522354, 2.2670241518552956, 2.210914343150775, -0.6085959113523831, 2.6475011602387992, -1.742966990222095, -1.9405456951495563, -1.631071805633232]",1.1447105788423153
6,"[-0.5025900063756912, 1.6078823851011455, -1.2995482910480545, 0.1806837897507358, 2.1668401282911565, 0.6457887284579076, -1.6850145739406845, -0.09838025368841075, -0.8669154467220019, -1.2804838154535745, -0.44036320526995065, 0.9534238766271016, 0.07022044652907677, 3.8086327069951023, -2.262991034542924, 2.395588634131815, -1.7665573619452883, 1.195759469870255, 0.8884294493357117, 2.144589505222751, 2.4426864352940183, 0.6355174501030818, 1.7248184029260583, 3.275356523121599, -3.2422772439156704, 2.364918629043872, 0.984212646024572, -0.039216972332337355, 1.7337591791055984, -3.3159668514621954, 3.5547419425259577, 3.245631180633293, 3.6078016336966874, 1.6052579498346966, 0.667029942371258, -0.7208792202144627, 1.739705704188713, -2.4002130168726854, 0.9035870538767516, -1.3452314876852767, 3.5532030515514874, 0.2211909325491724, -0.528668069252602, 0.9339569605921424, 1.3884110619479062, -2.947008006990975, -2.4210598910467778, 2.562485056643116, -0.46883075622745096, -1.8185388924244124, 2.1278342142664948, 2.6213857415248794, 4.857942759452934, 1.154931436048578, 1.7495994684603995, -1.5425760324763498, -2.223636013202406, 2.132812926494639, 1.521125349703309, 0.046484575985704185, 3.2563792970467436, 0.6663107121528127, -1.8283880618336514, -0.4116578962700719]",1.1422902494331066
6,"[0.09751009940157296, 0.9318474747104715, -1.730863538727657, 0.5454094316352669, -2.286627325385813, -1.9113840911492277, -2.0408936764372827, 0.15816244794463122, -0.40583255046435995, -0.5307925537203122, 1.1489505359581818, -1.1600679698304759, -1.4941301199120012, 3.037628175796274, -1.8917243262693753, -0.07273976136702864, 0.4000156029056629, 2.066256480606026, -0.10018486249321512, 1.017677903254619, 2.3243578893386543, 2.238874442627128, -0.11164742056861432, 0.526792328257744, -2.454413232522062, 3.394154688251446, -0.6643455982416308, 0.6810005703342097, 0.781330558716954, -1.2384402384745044, 2.4929116815739834, 2.9590953112061644, 3.4718017033376216, 2.1532988131817308, 0.6730780282482536, -0.6113697979728985, 1.5685690521261084, -1.2484159281723168, 1.9618422823912143, -1.6598716883294995, 2.0345640966024328, -2.9765844762508378, 0.08708372811743847, -0.9338709020708233, 0.21201116628215622, -3.1760219813672954, -2.91098754311297, 0.8519463314302005, -3.068355731515141, -0.9052242754499793, 2.262015316890981, 1.7695704259837512, 4.681071267666927, 0.9216653615837671, 2.2510168711181957, -0.5444146512324579, -0.41451603895170275, 1.2870664825427416, 3.1852781939590384, -1.427746287803001, 3.728962602088582, 0.5118318781324656, -2.476050467064629, -2.6275196603751803]",1.141347424042272
6,"[-0.8273123886753508, 0.9335599864598619, -0.21490103761039903, 0.10957131002261533, -0.9753635012655356, -1.99047799028776, -2.253621445377777, 2.22879859091331, 1.254035617108616, 1.2120992926549632, -0.5406715503445497, -0.33699424461730754, -0.05252482952245452, 3.6700032177964728, 0.25210557548874, 0.5339737628784191, -3.2401903053385266, 2.002527839252787, 0.6553351015247302, 0.4661637235443812, 2.2504264678760233, 0.7803187018955862, 1.7019586852666062, 1.693328989752508, -2.441822239863913, 3.4397486436693185, 1.056119895366921, 0.28815564739580735, 3.320459733783116, -3.345538952413228, 3.0525987105765564, 1.7825753203814583, 3.59917453084907, 1.3983274299013533, 0.6809154377258201, -0.36733874594656524, 0.5608622354801176, -1.5598635893548738, 2.439200133963568, -2.874467315262197, 3.497239149003369, -2.489854518932761, -0.5274284918212396, -1.1260320549218572, -1.4662285011300935, -3.225107861749678, 0.9245267035411451, -0.170702416426733, -0.3684799442158795, -3.197599139809924, 3.0308769646117337, 2.5042371649027864, 4.618779985506291, 2.3127453076473805, 0.5740140224789775, 1.317912410986445, 0.12681887424240523, 1.8621955643947286, 0.0683855419649726, 1.0760409111591231, 1.3888688794649617, 0.11939326627595115, -2.1132507310052855, -1.7078997555566362]",1.140830267997898
6,"[-1.529389656395655, -0.6600292870639197, -0.8474293034013552, 0.08267163345262618, -0.5333750707368224, -0.44352568751145305, -1.7256937732953626, 0.8692173599904939, -1.316378031475295, 2.7436308257136304, -0.9568461073470527, -1.6531038935063804, -0.5806905440422752, 3.7022528579251572, -1.8288319425927542, 1.0020573085396105, -0.43618536138323993, 2.4059250537706727, -1.181371787981178, 1.0170207093313537, 1.0098935205547042, -0.5313839229543017, 0.9864095994482944, 1.2984689449416675, -3.6006550410740337, 2.0121800562723897, 2.0485393861625814, 2.1998088318569753, -0.3232180038156094, -2.681202611563574, 3.5963757822724705, 3.3912908218150553, 2.0139329143885387, 1.8488841811197683, -0.18237609517935272, -0.16665219215706584, -1.7566240525586676, -0.9367840476589595, 2.0294178552747506, -0.7226055695027487, 2.4365287828889146, 0.9927790113284363, -1.8393013613839972, -0.1741649065922739, -1.2779130854075484, -1.8441502844580495, -1.4156826249697996, 1.7531307153325046, -2.1610095803138765, -3.1175238298158554, 2.9377389219838186, 2.240458936543424, 3.0910778188543047, 0.8747870833891686, 1.3350121641033443, 0.4301537471453909, -0.5684262840537714, 2.101958456389408, 3.316729292528237, -0.2881602873439899, 3.8846602413449656, -1.8811829986886055, -1.5579212449033353, -1.8442220466054478]",1.1386861313868613
6,"[-0.6031714827972192, 1.426582580210657, 0.1295628016297948, -1.2961167572457049, 1.4840242309912721, -1.0078104615970196, -2.008813686166735, 2.511315911385016, -2.0745188239937624, -0.37936088770225923, -0.27439403210583346, -0.07048055701253692, 1.8780205640153897, 3.7861476990297778, -1.2513486491368784, 1.4468247232165936, 1.247392114801867, 3.3151972092115707, 1.0766992993756983, 1.8327440755015734, 1.8321257678627627, -0.9388628031720123, 2.9069049884441713, 3.5763525554702356, -2.905777204821681, 3.502332294296982, 0.8002885667098532, 0.7409626929773955, 1.5969849151010163, -2.2856384396979967, 2.0861243286502518, 3.807381301528706, 3.0616391961044966, 1.4048759216706843, 0.2602422613520897, -0.2770694897852135, -1.2996290983854228, -1.2097052447285155, 2.155982218442263, -3.3390673439942504, 3.4623561665470812, -1.0918826094571292, 0.2577147215800274, 0.5370834663406018, 0.05467425412075824, -3.2905439841711845, -1.8470373683236758, 2.5522432820302763, -2.0250145889192024, -3.5153467309839392, 1.8909555087797454, 0.01740678318975941, 4.797157531966313, 0.915286681260762, 1.2989686606132314, 0.8051874986536897, -2.22241754490649, 1.7330577919257584, 1.5793192361885655, 1.4872593460387336, 3.247000278847508, 0.3684302822638101, -2.5178988766939017, -2.6278457738753]",1.137984496124031
6,"[-3.5094616312597386, -0.17358883695709715, -2.541963104585003, 0.14003576965618603, -0.5516741871569473, -2.406961050695659, -0.414355522539953, -0.30243205331890394, 0.769841990459661, 0.49678761894203705, 1.9663486339167133, 1.6478517483091064, -1.1688621974959017, 3.2220534344028975, 0.12134265632236874, 1.2120515142217883, -1.0262863475037667, 1.8940993595290614, -0.3299056070763924, 1.4135689839065169, 2.433330973817273, 0.337899022586851, -0.883608645500136, 1.976381085017589, -3.2100087256495073, -1.0936882590753267, 0.28355208137616683, -0.2549952727908302, 0.8764621372228243, -0.9884486100012673, 2.5386125278137515, 3.461104482317591, 2.1676764901490837, -1.3202489215604782, 1.2567933514587428, -1.2823156646677352, 3.3223351971458137, -1.684763496916772, 2.0229089028235676, -1.370895969725686, 1.7998938889808014, -2.3920351570840803, -0.1261071009886281, 0.425983248459161, -1.6453427568024597, -2.1686780056220503, -2.1660267539015665, 1.1680600000892574, -2.2327341857545155, -2.4184624560036987, 3.468850531271227, 0.2750883796694361, 3.932196764736283, 1.7689940975791933, 1.5111281459371235, 0.4446716533627572, -0.9374238247037551, 1.343262404741938, 2.8020603225234457, -1.4128310955640502, 3.1350611153843366, -1.277622570438893, -2.6807088749595755, -2.946165464915472]",1.1341463414634145
6,"[-1.6551077133668592, 0.8063661447029382, -1.9522049494634612, -1.4618005202091224, 0.6412245068077067, -0.7285112288578838, -2.289114447277584, 0.2191787767676845, -0.015620002147842094, 2.276304945288958, 0.5697052510527427, 1.3203831047806376, 3.027398948634506, 3.184648112431055, -0.6177810810258668, 1.3591847186222459, -0.24694003824824745, 2.742829954364303, -2.597053673462275, 1.407689982375928, 0.23605040156602985, 2.1607706725638525, 2.7781971914048738, 3.0359061300731427, -3.8043788088719994, 2.324127022185155, 1.4882356097401401, -0.3565384002119402, 1.7040803513228102, -2.960151073854369, 1.9276279780605503, 2.609870777852952, 2.9096193851769545, 1.1958396345543165, -0.5973037179617373, -0.19523291375311214, -0.38382285068114963, -1.1152376172247433, 1.3803731719088341, -3.397014849070926, 1.86915797019352, 0.5147243453485931, 0.2360277103825572, -1.516744609856083, 0.2820578173327061, -3.3265845790087636, -2.8726052517526925, 2.6362117785016954, -2.197398805879527, -2.918531037161891, 2.0534923447341953, 0.1028813799907744, 4.712321581375605, 0.4163762338954733, 0.3818528362683733, -0.5493608466337585, -0.46483137916781436, 2.165852741886443, 2.377616932293654, -0.9477572484431994, 3.461445326538571, -1.265232339366925, -1.8209903495048703, -1.1180275213706203]",1.1317876754118366
6,"[-1.6538529396887771, 2.2494146834595403, -0.86286389832477, -0.6526048258083258, -0.011506509347007476, -1.6016335034936053, -0.6753341724484125, -0.5604758974746888, 0.7773770480545031, 1.0374106477731644, -0.22241417513829465, 0.6358201124795605, 1.078112034251789, 3.0129241374600406, -1.1045745074796092, -0.2842099627485486, -1.8572683124649079, 3.0189975408067697, 2.401035880623041, 1.9317037231063572, 2.3853153895129644, 2.170637274688475, 1.1148345271232663, 3.4569655534980197, -1.7328446861448408, 2.0297395522354496, 2.511741135556407, -2.4710165736310126, -0.2683473782110539, -3.3237967784769005, 2.763354251385053, 3.114286403798084, 3.4191974239949197, 1.4669384008636965, -0.007748553834447058, 0.054850891702185045, 0.9814967767764986, 0.5980353015032638, 1.0751699458384865, -2.900308673690235, 1.7341945038154296, 1.3353512043604177, -0.7695080611959834, -1.577837949311529, -2.6531127578362654, -1.8556932881663581, -0.07373540388275601, 2.755843107336702, -1.5164087886060031, -2.684899182069498, 1.3981215082650729, 2.068714800502014, 4.673664376146384, 2.1624585741664677, 2.0306182595410496, 0.2977829861912027, -0.4822660581488051, 2.2167636353348894, 3.39961257938055, 1.091718687828425, 3.145837817351755, -1.5792636356271592, -2.2098319335955163, -1.749819365762789]",1.1314125087842586
6,"[-0.5614478033731403, -0.045017879032166364, -0.616445915307905, -1.3524081663127523, 0.9928886538805899, -2.1724016290385113, -0.977901552146855, 0.10037369191457676, 0.069779269884515, 1.1603308883112968, 1.9562307501013492, 0.4545018999776048, 0.20457482165260366, 2.606820671089076, 0.6553052048890537, 0.2862875516076179, 1.8013603320379026, 1.8285491393049484, -0.00908499436178207, 0.9535831708128768, 1.9806893580277691, -1.3492047664495073, -1.7341796148838236, 1.069926077304384, -3.2488586129938017, 2.8211765345272855, 1.6605098940816858, -1.037095673020422, 2.220290693750157, -2.8058530388475598, 2.627245932825296, 3.1181697133778816, 2.049184349396113, 2.045292882255905, 2.3024249914520802, 0.03507617890544029, 0.5610128865326447, -1.9769048598603218, 1.8509403559177373, -3.4371752775564652, 2.492294624294658, -1.0002444253057186, -0.8077964681490308, -2.7663607568209847, -1.0823630921057854, -0.19294030438259435, -1.4604913692126367, 2.519035222752094, -2.3208869992959613, -3.4488303032059067, 3.3797460008415556, 1.7987613626543868, 4.791329536057683, 0.6780319669532214, 0.6297542360235562, -0.39543451694356324, -0.3237096815493226, 1.9247713217375364, 1.001454426542736, -0.16730592512868148, 3.297572163240587, 0.3694484879311275, -1.9699100970280203, -1.3090218090064965]",1.1302774427020508
6,"[-1.3852399352943736, 1.0284962123147847, 2.515076510681223, 0.8984210847046233, 2.022007117160406, 0.8389321246767364, -1.3559054610829455, -0.14226308764274231, -2.4590743918589184, 3.2313040397062327, -0.9260026864728065, 0.7646901627813533, 0.6584533603206427, 3.2194256566342143, -0.5477424892546349, 1.4090076860840484, 1.6892946961911885, 2.8937492110662917, -1.6207037066528047, 1.9616305005310681, 0.7631842070820741, -0.512554194979899, 1.0116273830816789, 1.3780891925578083, -2.466274098152948, 2.784185375310508, 2.8396087511957235, -1.2685573086793733, 1.5810403058630307, -3.310281179683047, 3.367633579211465, 3.136697022206427, 2.8133524565966077, 2.4895323851342406, 1.9112787439094987, -0.7811377855801251, 0.8880663495373876, -2.774739211198896, 0.8683920943386695, -2.16431564273814, 1.1608376038523114, -1.1261165902299404, -1.3410139593740429, -0.8272503688157962, 0.2142824170197526, -2.3579917098619365, -2.9239398312131364, 3.395074049774505, -2.3037706510640916, -2.6756573057364714, 3.1989690101727453, 1.1544473643767326, 2.8280896511309717, -0.04340649319627138, 2.2005421532014786, 1.3409317808311736, -2.2142206887510767, 1.6582708840125502, 2.351058334408954, 2.752206226316476, 2.1281522193963944, -1.6070637760905842, -2.732134582819721, -2.82763176145342]",1.1288753799392097
6,"[0.0486834709867332, 2.4959179024670055, -1.5277846629107852, -1.5177396795188485, 1.4489491715673055, -0.29950753921778306, -1.09284214408391, -0.46816222294590515, -1.3181557731928923, 1.8845022326558545, 1.6512614024789882, -0.20391644714584717, -1.8727601848362738, 3.612381768603351, -2.409515631998402, 2.3976093819770155, 1.2159064779134414, 2.6192153007027303, 1.0760578832742507, -1.108960068896858, -0.2510503887718831, 2.2571848457790273, 1.3628116876070058, 2.384454481204578, -2.9790581839062993, 3.3601860762080853, 0.25803596719852273, -1.6404324611393095, -1.0485399272208482, -2.9599214821836615, 2.226665815919705, 3.3725699172360346, 3.1929288608165782, 2.334556994042937, 2.1338358002117754, -3.7025896211672515, -0.7465900135267614, -0.884392175999006, 1.0242429486321114, -0.5769961660581733, 3.4654204482882727, 0.671007624213638, -0.3754886510235931, -1.8162300355390173, -1.0180316653635613, -2.2085247258226075, -2.73972546383646, 2.240481993065903, -3.0644252581151186, -3.5081647635869735, 4.134818392377969, 1.1889924383672434, 4.532877031061587, 1.7374567153387566, 0.5003467158537744, -0.6806628484978602, 0.9161299886169214, 2.1026982944357835, 1.0068550681213961, 1.0314916781966401, 3.8403211523499716, -0.582054622205487, -2.0483940426749445, -1.531615022067001]",1.128122998078155
6,"[-3.0747401304488635, 1.1529325774101447, 0.8653740606538962, -0.40984700476596825, 0.16105497210134223, -2.190837003814279, -2.6335152014465777, 0.3695842031255595, 1.1140746855602013, 1.072257226402689, 0.5395816841234798, -0.48864952516384597, 0.9029086793560966, 1.8771065135981067, 0.9325392038674443, 2.341106954915355, -0.12426818812726352, 3.3705704755919483, -0.22429990050412285, 1.4855155313468225, 2.0486647154336675, 0.8239815627958313, 1.2979510862714507, 0.1883021480107705, -0.9844771474977234, 1.8748603900138572, 2.553472336887092, 0.08512149672299901, -0.8325369611880715, -2.3178611364423287, 2.9589119431515196, 3.639387125710889, 3.3476480447346866, 0.22179721946070918, 1.670783326201681, -0.7767871238014289, 0.0250270885729742, 2.4973566925252753, 1.6743865385643135, -0.5076333704235527, 3.829934737379261, 0.3015064052230756, 0.43043061138076155, -0.3894005986621068, -0.2416945910473121, -1.5623278686836937, 0.31583454540523537, 0.9175357643428841, -3.0419740574163203, -3.2795182312388365, 3.4437714184484762, 2.4085442079915746, 3.698944868260708, 2.1932361968669896, -0.01173910692195479, 0.14479451364681395, 1.0349524097500158, 1.8392413622899149, 2.447096274428679, -1.7550193995259038, 3.0829812563623764, -1.386048680658422, -2.00909475461489, -2.1917037080040433]",1.1262626262626263
6,"[-2.367768870928825, 0.1949810718752092, 1.484942159993059, -1.3214508511079295, 0.3322216824942809, 1.1074841982979675, -0.2238420799068268, 1.7734741391392688, -2.3952758548398574, 0.41593913772266866, 0.3353267519618194, 1.3191863070149512, -0.5771744674537433, 3.684766358921912, 0.06294303084188291, -0.393099847979819, -0.4943993559677395, 3.54092249410334, -0.047063450200726276, 0.3399023676003965, 2.1002770819324454, -1.8711754423531994, -0.2664843144436828, 1.4737647021237656, -2.082538982548879, 1.7678826603176112, 0.09017197272946209, -2.546975252517115, 2.3605292186116884, -3.2340304348625644, 2.3737883472187318, 3.6998975092763735, 3.348374536483261, 1.72803168629259, 0.780515615111016, -0.7607068762882834, 0.39881814311608754, -1.3947745006375925, 0.10699059898233054, -2.2528169619401046, 2.109678259829559, 0.304422817355476, -0.1406233743325851, -0.5493083476466019, 0.16319721421207545, -3.2482396282328554, -1.3232920900067215, 2.8555633562817917, -1.7745820645823858, -3.231023934856124, 4.1534311229934975, 1.1486722277908998, 4.192695709804601, 1.180237889711968, 0.5785442104625975, -2.4819281669335918, -0.052894646238054344, 1.557247379566086, 2.109201866380422, 1.6026634404138553, 3.1297099185411, -1.9930830086768514, -2.425746918837589, -2.131921625942931]",1.1232876712328768
6,"[-0.9512690588958626, 0.5211064072517759, -1.0967468949389183, -0.49338478880351094, 1.5472200417750348, -1.795995555303046, -1.6485422831584176, 0.8908384737065049, -0.6927280991464203, 1.0310448332024624, 1.401554384450406, 0.2601871902437306, -0.703840760149592, 3.181192702951842, -1.3653023291454085, 1.8273346770432846, 0.015636971808472233, 3.4545651690445194, 0.13549908926332116, 1.3950446436957276, 1.0769456432046651, -0.6914450216584741, 1.1430336080695658, -0.6776117466611795, -3.5100128387404874, 3.3969239881473814, 1.2789240414370242, 0.7588108113767036, 1.9222810902412597, -3.3433713354537598, 3.2102527273495496, 2.600813707509707, 3.457506364834313, 2.3872213623883125, 1.9815743512847652, -1.615118061210323, -1.5822322515437897, 0.8080658967976979, 1.614227273689048, -3.291740474769538, 4.269745586124468, -0.9532279565988536, -2.5177386137793363, 1.1415706039479463, -1.8803700199154563, -2.631884106105142, -2.883722530771884, 2.1941570491052595, -1.7310686799079005, -3.057194512821477, 2.984575183269467, 0.426503007766038, 3.803899638882532, 0.6258009875854676, 2.0591594665525603, -0.06200512468860475, -0.7067476027605151, 1.5681072136745873, 3.3073160153693597, 0.10516275589794571, 3.752915243785546, -2.342578087138952, -2.288627906407611, -1.3500177861837537]",1.123018389346861
6,"[-1.469345788360723, 0.19439093205625924, -0.9346382059095588, -0.060907862196495244, 1.3800803713002276, -0.15182911197411875, -1.4847692023211176, -1.2575117448161712, -0.9517485130531049, 0.449917819666092, -0.42475806242155595, -1.0097864773143315, 1.806113073077901, 3.7894822723850043, -1.878991295094449, 0.9739341886160474, 0.7215931572099611, 2.4133178879429584, -0.1141919262612251, 0.7808139435308521, 0.4213293765537829, -0.46876352372080976, 2.0887559420023143, 2.8958989719211017, -1.9581586465755032, 3.206255391555249, 0.5784358354260882, -0.39511363048283704, 0.5433702919238023, -2.775362535640111, 1.5600398263547826, 3.3097799469602793, 3.1727297087680633, 2.014055524549926, 1.5170258856099408, -0.91407487267193, -1.6850786855439202, -0.7385721713075841, 2.1713651190819254, -0.5893625423151547, 3.4311572849119565, 0.3386536007036753, -0.4782780786553659, 0.633516428775833, -0.25203983314633865, -2.853867078076995, -1.2441602538883567, 2.550186498623426, -1.8672505012808884, -2.220982794687613, 3.4788130544231057, 2.340432854820664, 1.963489000643368, 1.7837046548908613, -1.6766481394042019, 0.7918352727466114, -0.7222563421780431, 1.6383271806806106, 2.258235998420893, -0.359942981903578, 3.500936430884635, -0.7919096149531348, -2.7584276121045086, -2.9777177440800306]",1.1214899713467048
6,"[1.8306821312623052, 0.6939835926531797, -1.5616311125643447, -0.6432709060511701, 1.873505663913202, -1.6591849848799203, -2.524845351887165, -0.11697608720999433, -0.7240330498555385, -0.8164645819286245, 0.43877732300543176, -0.3086148975836127, -0.4828080562545085, 1.4570507867334688, -2.046549870335342, 2.3225741366700476, -0.9298230684052893, 2.527973735046009, -3.7047680270063843, 0.8389070921130659, 1.4173949905420005, -0.5331639535679893, 1.2634191541713222, 3.7703095040109744, -3.444171227829402, 2.6207876817328697, 2.486728983409588, 0.9880998189738424, -0.3230589803081304, -2.8043140059549967, 1.952130011477554, 3.689363285583225, 2.259291699633442, 1.827722439367236, 1.3050947088799876, -1.7326979671830405, -1.1601113975536703, 0.03382218469151366, 1.8843027343937866, -3.4132305003297345, 4.168620837515117, 2.027188086601258, 2.4385099983548675, 0.003115261994500129, 1.2100710870802107, -3.330814923253128, -1.0001098886586761, 3.468432617495427, -3.0302232118832606, -2.3027044027247285, 2.6305504110033144, 1.3754765413878272, 3.989985748409824, 1.0267354470656844, 0.26791977070224315, -0.25430989329741216, -0.8024149669951015, 1.7792645347323703, 1.9244950178591285, -0.3294192213580093, 2.0884129832334257, 0.8251087046138921, -2.414525538873684, -2.446102238842347]",1.118600129617628
6,"[-0.9790112702994718, 0.8694219467382895, -0.016093061222122174, 0.11079451776734717, 1.7428975675117004, -0.625799516819158, -0.4457275255044638, -0.5317947751460682, 1.5240925473697817, 0.2989433487302182, 1.7601260601690618, -1.624406166813805, -1.082412142000614, 3.3259498206592992, 0.919312367656423, 1.516712067902891, -0.9938627941814523, 3.1048018000212716, -0.11711788524173272, 2.1407757862684, 0.5813485969963963, 1.2308863812046864, 0.41003390505366444, 2.1133340690610662, -0.4580946613677792, 3.01451698308297, 2.372129480698688, 0.6351153839564819, 1.7399888345592331, -3.094967464681519, 3.6015444935272702, 3.002162647490576, 2.654879808292555, 2.413507972442455, 0.1703690688559234, -0.5104739669524954, 2.4835041241882867, -0.3120957514104852, 2.7438599540400705, -3.4986196357896047, 2.3883968558027666, 1.0792701078002134, -1.4074468626220185, -1.1188258821788433, 0.04856261687158642, -2.802557219568948, -1.7639191953067472, 2.3057879146497013, -0.8051163345165473, -2.8474724303421555, 2.495241123456485, -0.269401706252296, 4.702228860480856, 1.751009564790906, 2.129488550825278, -0.8366019246647717, -0.40008773520025764, 1.4028582338491427, 2.4215854297805057, 0.5476293342077463, 3.2850126919944795, -0.874740953184612, -2.679621722299328, -1.6024612003570908]",1.1173708920187793
6,"[-2.872269067391021, 1.383609199165997, -0.9029609737276991, -1.188584144277592, 0.028747823652874316, -2.7714439193660847, -0.322517462096352, 0.5958375101441927, -0.815765953322866, 1.771941884843343, 1.1024909541662327, 0.8822565444902639, -0.2570013503900585, 2.5216025044502586, 1.9251870198375676, 2.32605448543585, -1.4458773669021534, 2.1874802742828345, 2.0170410843719204, 2.1126563118179287, 2.0501133044471214, 1.7858282723204095, 3.6504779340784044, 2.060267503911908, -2.7104804119214743, -1.8919684219655193, 1.6741803886119317, 0.15116194014969542, 1.3718175529867396, -0.6657484810556311, 3.0260268084490436, 2.61540747644128, 3.16177204531279, -0.5893336707195674, 0.2070521790844213, -0.8739444649029997, 0.29925459430281687, 0.17167251449318022, 0.0026447661247726018, -3.123969987171659, 2.044693534522072, -0.27872355446894825, -1.5707445254704937, -0.12635781707146038, 0.9681299176075249, -3.2467330074202967, -2.1302234324219995, 2.8116941063235927, -1.7219472760641519, -1.65769393157168, 4.149738076862665, 1.1210919676488824, 4.558208850620301, -0.3101343142364431, 2.2172504564617688, 1.8263135841581817, -1.1583667980256338, 1.8926536390530821, 3.3752477907574856, -2.165361510013714, 2.604505924193107, -1.660248457521765, -2.705000994909148, -0.5878828909454297]",1.1170446232626188
6,"[-1.7552442631323086, 2.14214479809319, -1.7462104765694115, 0.7818519336103841, 1.774597131318847, 1.641927983022669, -1.865156528956447, -0.429597530099328, -1.747081982717185, 1.7827353561264871, 1.6912189991969937, 1.337453668539068, 0.3744650215561923, 3.7624693372986284, 0.5788222171786371, 1.6193248505667133, -1.8817594493191074, 1.8364487695404872, 0.8755339767953062, 0.2914781554488952, 2.0798443526482053, 0.6143654434814463, 0.36599258673591684, -0.8923938740196427, -2.2732858641186167, 2.6870769763014657, -1.073407076386612, -0.6741457612801622, 0.1077638672760668, -1.5738016379700508, 3.1137488998150706, 3.1061376106326697, 2.795658852281516, 0.39640783326750095, 0.2605057360802754, -1.5699914514190438, -0.3757125237337705, 1.702863792423689, 1.267643325230917, -0.8931922683906257, 2.8043234067353207, 0.5041931442994156, -1.912394105237747, -0.22743487383859395, 3.36849899318333, -2.9717948556037372, -2.7739617890584043, 3.2576209674341565, -1.9848337652380188, -1.5430168525017969, 3.1317741525093887, 2.5535661160209733, 4.713006821005574, 0.528816776366241, 2.0728280703214486, 1.1851481707094103, -1.7662372333173446, 1.643728785323351, 1.7783890343619602, 0.4443753892857804, 3.6861551488260957, 0.48387922379588844, -2.4679094901556433, -0.8890198477664386]",1.1160714285714286
6,"[-0.6315861688887507, -0.40508436517602253, 0.8412252240281682, -1.7119121149321024, 1.4815990754394583, -2.6753297360409736, 0.8633983305706023, -0.04900117814321525, -1.8239798602598296, -0.3348773276669581, 0.060191597242426065, -0.13560536963264747, 0.7011903303692815, 2.8164882874056003, -1.765930479819223, 1.952348292640862, -0.005188580785762564, 2.7017817279420084, -2.474458676752936, 1.1712222525912357, 0.7018340843044489, -1.2123451830222152, 3.9552618504467967, 3.5763837321981455, -3.7414880069309975, 2.5084183966814417, 1.9350101373604933, 0.8969776742043185, -0.2223695914215108, -3.2908737790391704, 2.5479374417640765, 1.7477626049439987, 2.8424874142156282, 1.2533961614150129, 1.1024995865619798, 1.1750544790014779, -0.29080684255204653, -0.48645566139792806, 2.638173334842059, -0.8161269394995605, 4.255730213243665, 1.7909614647778807, 0.8416689674372497, 0.5972168662420918, -0.18774536292463026, -1.2055436520547143, -1.4181541523742782, 2.7071794893682455, -1.1506427839159064, -1.9800502718093824, 2.327315624787931, 1.0533707316868255, 4.847613561607148, 1.0868556192666532, 0.688416877146653, 2.702397185562507, 1.1109817775998274, 2.243831426370933, 1.7064489540488008, 0.8072308202111749, 2.668016068891573, 0.9427869916962297, -1.6826527778088396, -1.9008439672528366]",1.1157894736842104
6,"[-3.1744602611337607, 0.1477916413226128, 1.0395127805395477, 2.236086799377926, 1.070960890813272, 0.5391944714486745, -0.47369889784497926, -0.7119523928714364, -1.8850238600212115, 1.3147037458842306, 0.27268120819804564, 1.6264862340325195, -0.1358084891137632, 3.777862596553294, 0.08690402435242381, 2.046061294031359, -1.1268310607304832, 3.0594503745919055, 1.922558480146298, 1.112952753492146, 1.5317159704298682, 1.4550809861224359, -0.5933536840232658, 1.9141452174806313, -3.096343526945367, 3.5066782041136055, 2.605042321571294, -0.08921164285529959, 0.32484918644304717, -2.5188737454635266, 3.5983606199382545, 2.15567059383041, 3.1618866993744166, 1.264365493659922, 1.1994698700261917, -1.2070941368558716, -0.03305322920939238, -0.404372608075859, 1.4724008513025701, -2.087901704949807, 2.560925402123967, -1.0128178171778857, -1.0098695716125947, 1.395387049417335, 3.1835859657839203, -1.2070035936407515, 1.0192817205247813, 3.434242761401164, -1.946798988657977, -2.0261276152837, 3.150413481493033, 1.7670037985445362, 4.000239301151418, -1.0690035456596443, -0.010662166586848265, -0.7687643421229429, 0.9508295036674146, 2.1546284224932997, -0.051745852396256176, -0.6070541794145046, 2.5000674109562473, -1.7828856229455083, -2.1755190741731076, -2.657992289998062]",1.1155751238304898
6,"[-1.4252983657026805, 1.688965079199353, -2.39017328171367, -0.7202452024319329, 1.1581795552026821, 0.8075629826292059, 0.05482139509156547, 1.4903857060156758, -2.4824256735991552, -0.07319870596932443, -0.29039207235360454, 0.6497783520875909, 0.07424473248981697, 3.7672645462002317, -1.0773552703727685, 1.8767028084010846, -0.7100401255926796, 2.9727295535724716, -0.6685352657964476, 1.8444853305712603, 1.0314413053575247, 0.762710637191662, 0.8822080764004692, 0.9768570597863602, -0.7851765398366735, 2.3373937777165072, 2.2164410628886726, -0.8646865111155169, 1.0110701943409364, -1.7264016643928575, 3.1788686759538143, 2.2441302595276764, 3.5235364783196523, 1.3896891324614076, 0.041908463958026276, -1.6672277321743607, 1.3486596364433712, -0.40995409682534006, 0.752904230643585, -2.3053764386620603, 1.2428400981843457, 1.2483539400236738, -2.159511997110473, 1.6943503554728558, 0.7879516964383964, -2.5155985779684715, -1.448604154393724, 3.018786502857315, -3.0043528607310797, -2.9327386700843445, 3.4982755147715596, 0.3068974129273906, 4.861217345364423, 1.7482404655044355, 1.7978470977174998, -1.846027816520732, -2.23376471608668, 1.6367022307512722, 3.3834473231957265, -0.12794616659745517, 3.087002237211922, -1.1434148097439754, -2.6824165571548737, -2.7045016067867946]",1.1139169472502806
6,"[-1.9292536341969093, 1.6982148413598257, -1.5423401773536243, 0.9777282016641735, -1.0593088866121538, 0.23682119316529676, -2.219630640984886, 0.25333216079059906, 0.38303689481308556, 0.08700372661871869, 1.2883293842309773, -0.7590876175709289, -0.24587328637914235, 3.808799567046053, -1.7370935918599715, 2.37018146016444, 1.0171151613738516, 3.2611486863762686, -0.9298554150106617, 0.7384202567603215, 2.4138662094483894, 2.5348884419146915, 3.1453232563472, 1.883397145507719, -3.148683573953592, 1.2900434924183524, -1.9627845030079034, 0.4500991838438346, 2.1450978637255345, -2.734820405427119, 1.8433118915640248, 1.9406130363204888, 3.608371939852378, 1.5277982702724207, 0.37192384251197386, -0.06676546337306632, 1.4283114610915326, 2.31068025558971, 1.3559081406032059, -3.329370332745197, 1.617564923876944, -2.492826398118153, 0.6887578099386384, 2.31462676957282, 1.2347645923793482, -1.3017013649261326, -0.8205801022066677, 2.418232975257236, -3.0170777688103114, -2.1627582569532833, 3.6112004646420024, 0.45449167467261475, 3.104806051021762, -0.6837815111138141, 2.381588623887712, -0.18412576360292704, 0.60122857776617, 1.5537327857461403, 2.69497878007113, -0.2319535917753615, 3.80033105966419, -0.6253045222820296, -2.12831403058266, -1.0350097695320417]",1.1132194813409235
6,"[1.1932164247516253, -0.7345738425796741, -1.9549737652569146, -0.7039888300090202, 2.284028932010415, -1.3556113103694127, -2.069259422495087, -0.5827210249204866, 0.019162717159577958, 2.41983575949802, 0.5460017765475048, 2.6587882235860074, 1.0586761828560751, 2.795877052756325, -1.3894589411005258, 0.28847862853626893, -1.0877902993896644, 2.153486815038373, -1.132425366539356, 1.5681814442053186, 1.2917454426127768, 1.695912167273007, 2.206662418344167, 1.217010906435987, -0.9989525033981848, 3.066999425658513, 0.8957176499732752, 2.4263089690061173, 2.193736337317107, -2.721125270089046, 3.1470645480107207, 1.5160028658944382, 2.3460792729424957, 1.5589894337695296, 2.14113915771521, -2.5304786188380133, 2.446856594450865, 1.6219947747506875, 2.20408959837628, -1.1032037951162101, 1.4801493052305932, -1.3404273943661615, -0.2917454444438705, -0.42402913692917626, -1.2877691573799492, -2.4438049940376447, -1.9538194139997171, 2.275737429336245, -2.0571296458158823, -1.303743365585633, 3.867012061226777, 2.5770084330794507, 3.497674598913612, 0.0419296222258021, 2.399084441629224, 0.5471661937749437, -0.7868039885779496, 2.257188249994242, 2.4343241754539893, 0.7330834249911666, 3.8911229196928208, -1.5688626377722268, -1.2620675614348191, -1.2206267975146394]",1.1131019036954088
6,"[-0.4286766989437354, 0.24075384598277116, -0.2622957738497432, -0.524358112264987, -0.060673302444935906, -2.213514211848105, -1.7969065734965866, -0.6038548006477459, 0.3549847322764542, 3.232877939692431, -0.9042295860066807, 1.16890074115538, 0.4337034278867136, 3.7788013795457136, 0.7364933152206004, 1.3642417090433043, -1.0186506366308383, 2.4707981066274654, 0.03180992902669616, 0.9485575324092554, 1.7992353164448538, -0.21632517609921897, 1.977585526083366, 3.378383125086203, -3.806884463312412, 2.667142257944994, 1.33888763023373, -0.18198136828600975, 0.382911172464786, -3.3221949524108414, 3.2957762700213884, 3.5575661723230136, 2.882595730014512, 1.035238234738954, 1.270457195743595, -1.2171128847358506, -0.14375984848610304, -0.8469832639476095, 1.593551312686909, -0.252913244207174, 2.0913882420798844, -0.5172950367119122, -1.2981042929321402, 0.27931601641451964, -0.34524543171934563, -1.5929246122637986, -0.1279937390525454, 2.95817860071873, -2.755779871699935, -1.2279969051220547, 2.9780532117512153, 2.546144531321527, 4.695439895568091, 1.716729598539161, 1.218717398617353, -0.01790222448026188, 0.28216262675752635, 2.2265145610932517, 1.2652963397358754, -0.4325156383847879, 3.691039886380895, -1.4629052967387732, -2.5302307784255493, -2.5144532385471807]",1.112806901128069
6,"[-3.2055873503569887, 0.8013383048691134, -1.7312497497695911, 0.024272943617474785, 1.207817930904987, 0.7475954346168052, -0.060721810508492347, 1.0956060363764553, -0.2742357654310218, -2.677155878229866, -2.2319249027412478, 0.07490354189302639, -2.087361401298745, 2.370274903206334, -1.7173782436590166, 0.15198499976575763, 0.04973105112072623, 3.1780276113413457, 1.7772602325591849, 1.8244821001111382, 1.1250511607145228, 0.3488456510749339, -0.33681350251580944, 1.4833035867457534, -2.7800715168250876, 3.067522793476349, 1.8178079548624155, -0.20889273192425484, 0.7078706172614078, -2.6288539108070936, 3.0360935792674173, 3.7532122553937364, 1.774026934818219, 2.0059713073579637, 1.4719739246784682, -0.32329207388490444, 1.8140780232623603, -0.2441004801605517, 0.49172685851405773, -0.7273385962573261, 0.38510166507595067, -0.4748053128625751, -2.3992611238572135, -0.174471266051193, -0.45650014823127044, -2.4176679388984725, -2.9060452894472335, 3.4275518097972704, -2.0529516999529953, -2.8673770880017875, 4.178673419922863, 1.7089440662496453, 4.665777218687406, 0.2874806648897189, 0.02609761448853032, -0.7656903757923713, 0.7648377982609783, 2.0893392528742836, 3.2726888033864827, -2.1375213790972456, 3.8775334954812823, -1.1766453711681968, -2.2443101806217083, -3.01858763950712]",1.1098039215686275
6,"[-1.994531855176016, 1.114460940858635, -2.6432326714133434, -1.6352917112076235, 0.3551748182596122, -1.371965638883045, 0.1905844736108745, -1.30298798623256, -0.6501492747637245, 0.41007867564993716, 1.0226398098289309, -1.7400722318921318, -2.2946973512446416, 3.47059823857972, -2.3910521402470937, 2.341383863621554, 1.4518423776892224, 2.5515232383816473, -2.172545533778248, 2.021516078341862, -0.24113266705032377, 2.5208921025472675, 0.21571577458200242, 1.9686375533162161, -2.9528155537388074, 1.4859493341827403, 2.1469081666242498, 0.5151131900083252, -0.7687585321037145, -3.076091701780373, 1.7150140058634449, 2.735456318583816, 2.0508103001159146, 0.18841483175059537, 0.3236326693927175, 0.30940530233828456, 0.3895506833428011, 0.1972274489261979, 0.9204393600642211, -3.1272953298192427, 2.1593167663672457, -1.7368837882775234, -0.5602612597991773, -1.4613321477653318, -1.3891657599781202, -2.301297030409659, 0.14243658630932965, 0.5455840305957788, -3.080030019971238, -1.4876098957120867, 3.849490371769358, 1.1323300680201611, 3.6700981644485906, 2.2959598858151646, 1.4103687953328754, -0.7763265355259871, -1.3065297893594794, 1.485258668278271, 2.4262077182907587, -0.04223133781583277, 3.4538139553157343, -0.4735638518876796, -2.570137933551369, -2.6137142918027956]",1.108942065491184
6,"[-0.027490033883066367, -0.46403019961805914, -0.26509113940381723, -1.4950557619514677, 0.3227119851570073, 0.48357255408379285, -0.034891328434078384, 0.8720556649897011, 0.6523888611730766, 2.3682963492264575, 1.5656130115670512, -0.6926607148816359, -1.214534045966783, 2.558922611666021, -1.1170634039681726, 1.6956942744453087, -2.578425080850887, 2.8865062694267434, -0.24492263172595935, 1.6624325956951531, 1.744497093694688, 0.2870801595120476, -0.35698006251826264, 3.5532675249062873, -2.7517567944626977, 3.3987721389695458, 0.7503651358805465, -0.34628167296421286, 2.0110075567601746, -3.340076969871668, 3.56190652154058, 2.7588550748038556, 2.1564299607772464, 2.194867759710419, 1.8239630454156033, 0.6693502252011048, 1.0512960757277008, -2.154917769857233, 1.9789466671587816, -1.3061519269082722, 1.4901917249892822, -2.0866834837742507, -0.8740045599065505, -0.6147571049898638, -1.6694515824455123, -2.917006315715168, -1.37429390405221, 1.137392572357816, -1.931329752214709, -1.9774443478570443, 2.6555349659349385, 1.3977275818759538, 3.93477980184743, 0.07117380648617455, 0.8984321401603212, 0.17845006558558726, -2.0430990162253533, 1.4260318981125089, 1.696789777682059, 1.8222693913896886, 3.657709818407723, -2.0093770995762466, -2.6331750150691935, -2.6281191360098464]",1.1088435374149659
6,"[-1.724325122962712, 0.130756741366004, 0.2232413371692774, -1.3197309165453153, 1.024360581375227, -1.7728142825199185, -1.0908136686709056, -0.9312410870085961, -2.3705307062080436, 2.229531041034, 1.3674574508199824, 1.620615122523013, 1.5404191054883554, 2.570224655069612, -0.16627277579592137, 2.0140243762196675, 0.28273163324632145, 3.346021032441121, 2.353674085106913, -0.41396658434346856, 1.5256643111699084, 0.06314260008422269, 1.744787876110449, 0.8962881002498664, -1.0027104109776832, 3.4943633568256325, 2.3304797303750178, -1.9704732190355223, -0.08629203027438614, -3.318669322470407, 2.6470069423429408, 2.7311088940509785, 1.1828216985431466, 0.9957202838157594, 1.7356392077882878, -1.6973952375284687, 0.614870438991468, 1.2757074801301211, 2.291870664418701, -2.128120606925405, 1.5517610467670524, -0.08463944063407533, -1.8818454197297465, -1.2579211055247939, 0.22209441378898345, -3.4146024974764337, -1.6167665050764497, 3.0376095649561967, -2.661316951532835, -3.4265193889424843, 4.2181642324277195, 1.5317591807930384, 4.053477919857987, 0.45319928128823284, 1.2530218800295936, -2.3525139425050754, -0.7430363541025344, 2.2577832596942815, 3.3632764893666587, 0.33032754938567266, 3.267820207139243, -1.0208645983949607, -1.4369788139016095, -2.0185633150497493]",1.1079330814894766
6,"[0.10034479527857942, 1.3779711083285964, 0.7610443776542942, -1.9332757356652266, 1.4237796682169763, -1.134415295942719, -1.017606322378379, -2.3118434807819934, 1.583115008648679, -2.2142028926662207, 0.5784028477397517, 0.47269422933069916, 0.24983876817853257, 2.6043623480752975, -1.0538890541059427, 2.1540939713896115, 2.1808006369360626, 1.5735984056400418, 0.1154252954196312, -1.052961712607613, 0.8874341701977544, 0.4797127999413011, 3.586618199802178, 0.4571093651046969, -2.6569331611728915, 3.032307437787053, -0.11195203289178185, 0.5006238720503939, 0.722220207003459, -3.2326144409653654, 3.551791327638938, 2.587376858769487, 2.375688637766281, -0.5774965528349425, 0.4517199315361924, 0.8206617555701107, -0.4795805732995493, -2.640391291769362, 2.3117265338116697, -2.68627937453238, 3.2107989612630274, -1.7666962987885833, 1.6109231339639702, -3.329219347338327, 0.11652146797027121, -1.035139534299626, -1.658816498367029, 3.4663702381827286, -1.9111166032528448, -0.1136201691714055, 2.6454142791338797, 1.4546915056524092, 3.5109926257639024, 1.3017406656232011, 0.3813148316789339, 2.2679734625393686, 0.1851181442860408, 1.924520317718321, 1.4902972986488885, 0.47665888713175486, 2.5418393096507286, -1.2490207342530126, -2.0041924857344826, -0.37179855437714737]",1.1076487252124645
6,"[-2.3040927391028556, 0.7105632265991554, -1.3992160254398707, -1.6744213380600828, 0.9681359067115531, -0.8024442399792363, -2.3070630546907234, -0.11890190450439801, -0.730803509969845, 0.7412694867061558, 1.3484301751128869, 0.580546138514293, -0.2719984466377433, 1.724055427727576, -0.7107336194460134, 1.9245999637168132, -0.12399532085127514, 3.4950544265983905, 0.7078837989121495, 1.5667464514682072, 1.4084498584804879, 0.68476074554777, 1.7123942609449792, 1.6363856290908858, -1.6500039067285288, -0.6943483800347368, 0.7424163607189661, -1.3839310801308482, 0.8344530812691651, -2.6239967855597044, 2.9299291404905876, 3.5206141544080545, 3.495128455454539, 0.5156755256438708, 2.4583402673438175, 1.0706609034465764, 2.792332590213596, -0.5614543894720939, 2.063472720770446, -0.30981626596669054, 2.0459365668327183, 1.5001078309809137, -0.492122088622274, -0.09916864460253363, -1.7784101412200375, -3.3577301034544833, -2.913082745746993, 0.2357874532249813, -3.0537720820148473, -3.517626924882974, 4.040921106584645, 1.7210589797569964, 3.9493532326523617, 1.5311534104138957, 0.33757237907118887, -2.551341400576032, -0.45455387205686676, 2.282118286752049, 3.1747187102704144, -0.34771624752220337, 3.571253192223071, -2.1335555760132117, -0.9673879909428287, -2.9769825252767275]",1.1072886297376092
6,"[-3.0582410711295207, 2.3753458774343525, -0.8088996436416579, 0.1800890752103066, -1.4451919176944705, 1.6477683005627326, -1.3280189639047193, -0.17946551345690448, 0.1338468951760935, 0.9243335566695616, 0.16647527297251888, 3.9180357492935234, 0.866061706469821, 1.8150581492625937, -0.4264035637383899, -2.6802595642684137, 0.8981892335108138, 3.410564892950994, 0.4370178538635159, 2.0006987193063024, 2.418446589363563, 0.19047760501924327, 1.1204967369719576, 1.8849485104168529, -2.69205566015167, 3.491182180893714, 2.969279429832294, -1.955552566181845, 1.2687615180208254, -2.491774983789324, 2.301526324090447, 3.3477963847088956, 2.32071035633205, 1.038132058309757, 1.3974023648728795, -1.8807229338583202, -1.4171163416049604, 0.26563675956562904, 1.7599534246056439, -0.1706643507451686, 3.4043893346820506, -1.0606645602044447, 0.5087330084609321, 0.9152077147029198, 0.30609164641238645, -3.092094507306685, -0.47831552842767233, 0.6519777212814071, -1.917066746645796, -3.1836545548580277, 4.2040008569141145, -0.7600812227941516, 4.854864224519975, 0.5710040215364933, 2.398273849452121, -0.33778670578610565, 0.1724160108969035, 2.2528598494540666, 2.260380713399931, 2.4652982218329917, 3.1387702543677003, -0.6614239727030158, -1.7609798161711874, -0.8255891317857971]",1.1054054054054054
6,"[-0.72005232717931, 1.1296653323280281, 0.39591088525271234, -0.7171532756140723, 2.4668721229071258, 0.7552666693400893, -0.8116156633713102, 0.4709009752633957, -0.9020019188795758, 2.4896876554529914, -1.843217434696718, -1.0231572938003777, -1.2294048241527826, 1.523995238672188, -2.7549900406393375, 2.291643007474237, 0.12381298635014168, 2.471812094703965, -0.15904553535203586, 1.607694653263107, 0.8162275600350162, 0.30970470011012374, 0.791975184171335, 3.6437336655522587, -3.5096808723647452, 1.470106451919251, 1.3097092976117422, 0.19532407096018786, 0.6582792937165305, -2.683208716717986, 2.727261989364437, 3.580234436346478, 2.334763842514277, 0.06901257335567523, -0.03343911862119142, -1.7074038202830812, -1.1820943751768955, -0.1300987205934745, 2.6242982825224193, -1.294530668693452, 3.879480212566624, 2.03780530423784, -1.1304267001612391, 0.8836796023672431, 0.4197425252435025, -3.1350047551142874, -2.9492406130402538, 2.1521390447121553, -3.0650023659774477, -3.072279867500016, 4.223527740678751, 0.7445948148119714, 4.793822600754447, 0.823098254871001, 0.004040722925240159, -0.9573799545553335, -1.9028995955458727, 1.8502599022449548, 3.3216398154112103, 0.693862380267568, 3.476846645941974, -1.0764201687478507, -2.62632162047971, -0.46196301260306183]",1.1049180327868853
6,"[0.1283615216466747, 0.7505401143108807, -1.1293816349973111, 0.2296664471484552, 0.07877200584259894, -0.23116992887015786, -1.0115789761062883, -0.46856034782535555, 0.7171779982090973, 2.177380917171028, 1.7279695649904956, -1.3449314491150992, -0.938679169155106, 1.7448444790152324, -0.14158160477874693, 1.4378442757657026, 0.5688826832570847, 3.511267329316812, 2.3742261219988703, 0.0013003869509939925, 2.4310110621129124, -1.1411464504478395, 0.808535124754888, 2.7906656435084116, -2.6469082640096793, 1.5012232759096666, 1.8919167684757734, 0.10479002691276462, -0.9280442582654607, -0.9149695642348497, 2.888375211990308, 3.637292125867728, 3.471732014630256, 0.3232141256927443, 1.7944505860674678, -1.4341718671469783, 2.075110453590244, -0.22813178029628345, 1.6634599537158032, -2.662960235190377, 3.337288541655008, 1.215947422403831, 1.1405303816654357, -0.8006435715014799, -2.528861997892022, -3.4088737916038205, -2.9481232646439266, 0.8034232386234301, -2.6066141035253234, -3.4242328811123066, 2.2875133688467946, 2.5345948498341224, 3.2473805386555474, 1.9665581304158493, -0.35034109790544266, 1.4277755828454657, -0.16580674706386733, 1.930649700484972, 3.151956874798266, -1.0669943003181814, 2.176086362881753, -2.105419718931641, -2.09892152733085, -3.031868683884334]",1.1043705153294194
6,"[-0.7106049326731587, 1.9386375231644672, -0.026193064135976885, 0.007473037162845475, 1.2591064424556027, -0.4430428747859543, -1.5949246937465371, -1.8998931831409438, -1.19533365195284, 2.939028799146743, 1.0689365804552762, 0.9295180009892285, -1.453674141924073, 3.6690267415248936, -0.07242315099036478, 0.8890536919043674, 1.7052419107113217, 2.612064576443824, 0.03900564543379581, 1.8167009552425435, 1.248375877188967, -1.4226022060558858, 1.872306237835484, 3.9304610772534736, -3.6072900063889826, 2.541890152328316, 0.03413725609999996, 0.31206622924246386, 0.8509848962801055, -3.3217755115445904, 2.3415291273791228, 3.7635328584554855, 3.599627238401537, 0.08300879720612309, 0.743480561396197, -0.6661482439411155, 1.6325797617745166, -0.7856276710522712, -0.11144005037399962, -1.1922198240873207, 3.615151145800888, 1.1633597084548646, 1.5595295298613294, -0.6294548740907192, -1.7908576267615928, -1.4277631687142502, -1.7335324882420498, 1.8389205970147684, -1.9051606397786633, -2.3186792675659103, 2.521428522483604, 0.4988221972114154, 4.292502901337292, -0.6721504356875848, 1.4770404585610006, -0.4576601424388581, -0.1887473333497671, 2.2025050273981894, 2.1247864789411124, -0.32200876554710456, 3.619020088708816, 2.28975981880508, -2.024561674386713, -2.67516670564588]",1.103994927076728
6,"[-2.0326587756188466, 1.4695202271624015, -0.9797242204418095, -0.6424356611775294, 0.5441120838580948, 0.21146075066922748, -1.9434526121207167, -1.4628347098206476, -1.4305249732283571, 1.9061233753525864, 1.3286377968809429, 1.653934583587632, 0.9607937163358045, 3.6577338079896906, -1.6220331873448401, 0.31403110259281386, -2.1132001376900305, 3.536031939781523, 1.0306541289796334, 1.4005218139288624, 1.9944332673201979, -0.9027869332520309, 2.133336782141937, -0.46064600036176895, -3.6526424803611532, 3.1661861361201473, 2.300093819916593, -1.8461378916545914, 1.1307128025321602, -2.4412987618261246, 3.5875854070307667, 2.460306065589919, 3.5523299097931504, 0.7132907948336158, -0.9308959498647651, -2.763211126107555, 0.33503992796196247, -0.15450764758079072, 1.4659768044269288, -1.7154207968837503, 4.278701890054758, 0.2474862713596569, 0.4893165108681412, -1.8014844354052815, 1.1844075734923323, -3.358819469770751, -2.4370396571991435, 1.86099322764761, -2.9635312161512233, -2.558188523963194, 2.3523508688570365, 1.4980723887140064, 4.630061358921296, 2.0974632028330022, 2.1426603627398815, 3.054271226683897, -0.6247984268501441, 2.037765813428843, 3.031360203865354, -2.15903228949216, 3.1079787681427398, -2.2712167809596244, -2.222468060050201, -2.9918129238697087]",1.1032407407407407
6,"[-0.9040252647056095, -0.9841605956782281, 0.2484883726852532, -0.5559091885669626, 2.823070216404645, -2.541178316158936, -1.433536051226148, 2.571986955761305, 0.5438027991627796, -1.054524370699899, 0.82870040537835, -0.14359761647967256, 1.0008406710243514, 2.8783001441915106, -0.3575589784809219, 1.6177604045387544, 0.9373142856801591, 2.9981312676711287, -2.4023535633733544, 1.2260854880892191, 2.1484890402800088, -0.23763735329847302, 3.110950510957735, 1.3929394074890873, -3.4064307885881466, 1.9026833950881459, 2.075350534410304, -0.05845199490726616, 2.057430407510685, -3.2770617314083212, 2.4008192006792948, 1.6648898122982785, 1.9067159404671752, 2.518564879299274, 1.6590431081346626, 0.2690498146634782, -0.2869703600300361, 0.40296156800075233, 2.744710447111511, -3.308831371492446, 2.3346391264260085, 1.4389411114074309, 1.3364163208708466, -1.4574341476845136, 0.03377441435814052, -2.7262817663378773, -1.65074688785082, 2.952340428155556, -1.9235334364301655, -3.5187082103376444, 0.7849676039267357, 0.49187303369399166, 4.87613764627461, 0.4852517894624171, 1.8625056434897558, -0.22467218495159624, -2.183206910225237, 2.1391584492145044, 0.3479309478480741, -2.4933393123256584, 1.3958978376593603, -0.14795615230310344, -0.8270725986374812, -1.3960024649102247]",1.1031048623315758
